x,density
-2.555729645028223196e+00,3.076220564033865080e-34
-2.550664350505968514e+00,6.297327252978133192e-34
-2.545599055983713832e+00,1.284443612820912366e-33
-2.540533761461459594e+00,2.610320372199275800e-33
-2.535468466939204912e+00,5.285579032360509408e-33
-2.530403172416950230e+00,1.066378346572065518e-32
-2.525337877894695549e+00,2.143631121624805820e-32
-2.520272583372441311e+00,4.293473414327487283e-32
-2.515207288850186629e+00,8.568158489764084850e-32
-2.510141994327931947e+00,1.703672813918079692e-31
-2.505076699805677265e+00,3.375241747217920260e-31
-2.500011405283422583e+00,6.662597286375415531e-31
-2.494946110761168345e+00,1.310395013883468373e-30
-2.489880816238913663e+00,2.567916447749431365e-30
-2.484815521716658981e+00,5.013944643927780291e-30
-2.479750227194404300e+00,9.754346290533683240e-30
-2.474684932672150062e+00,1.890761684337528224e-29
-2.469619638149895380e+00,3.651702636443044282e-29
-2.464554343627640698e+00,7.027065570294974158e-29
-2.459489049105386016e+00,1.347325705488244366e-28
-2.454423754583131334e+00,2.573897062333971906e-28
-2.449358460060877096e+00,4.899251581312791597e-28
-2.444293165538622414e+00,9.291552764758874184e-28
-2.439227871016367732e+00,1.755766839088738755e-27
-2.434162576494113051e+00,3.305714752211595008e-27
-2.429097281971858813e+00,6.201316514287348881e-27
-2.424031987449604131e+00,1.159104012828078831e-26
-2.418966692927349449e+00,2.158643424167910653e-26
-2.413901398405094767e+00,4.005524550412276603e-26
-2.408836103882840085e+00,7.405559495666522325e-26
-2.403770809360585847e+00,1.364194648683651424e-25
-2.398705514838331165e+00,2.503887410753371566e-25
-2.393640220316076483e+00,4.579027379840142629e-25
-2.388574925793821802e+00,8.343565370075890821e-25
-2.383509631271567120e+00,1.514781854963550700e-24
-2.378444336749312882e+00,2.740113196727972271e-24
-2.373379042227058200e+00,4.938634696053669003e-24
-2.368313747704803518e+00,8.868808772811701844e-24
-2.363248453182548836e+00,1.586878467771639927e-23
-2.358183158660294154e+00,2.829059180607699152e-23
-2.353117864138039916e+00,5.025281406642550684e-23
-2.348052569615785234e+00,8.894032851517668864e-23
-2.342987275093530553e+00,1.568400820437795823e-22
-2.337921980571275871e+00,2.755721858951904388e-22
-2.332856686049021633e+00,4.824293153130753523e-22
-2.327791391526766951e+00,8.414958687848142903e-22
-2.322726097004512269e+00,1.462481142493989594e-21
-2.317660802482257587e+00,2.532494730780285881e-21
-2.312595507960002905e+00,4.369450409293813450e-21
-2.307530213437748667e+00,7.511472261688391684e-21
-2.302464918915493985e+00,1.286599296894765890e-20
-2.297399624393239304e+00,2.195743169578152869e-20
-2.292334329870984622e+00,3.733702924649770192e-20
-2.287269035348730384e+00,6.325836580463085461e-20
-2.282203740826475702e+00,1.067864540248872273e-19
-2.277138446304221020e+00,1.796115875251003437e-19
-2.272073151781966338e+00,3.010041797722930576e-19
-2.267007857259711656e+00,5.026094963813619562e-19
-2.261942562737457418e+00,8.361974570428418092e-19
-2.256877268215202736e+00,1.386139641513274244e-18
-2.251811973692948055e+00,2.289418111226514149e-18
-2.246746679170693373e+00,3.767586510524028794e-18
-2.241681384648439135e+00,6.177622148173722350e-18
-2.236616090126184453e+00,1.009251580727322038e-17
-2.231550795603929771e+00,1.642848532619063903e-17
-2.226485501081675089e+00,2.664499229818838104e-17
-2.221420206559420407e+00,4.305798110807394250e-17
-2.216354912037166169e+00,6.932848592884873346e-17
-2.211289617514911487e+00,1.112217585638844062e-16
-2.206224322992656806e+00,1.777820003707683345e-16
-2.201159028470402124e+00,2.831429864803809667e-16
-2.196093733948147886e+00,4.493076548008755590e-16
-2.191028439425893204e+00,7.103981405628717862e-16
-2.185963144903638522e+00,1.119128107987185358e-15
-2.180897850381383840e+00,1.756619827566960847e-15
-2.175832555859129158e+00,2.747234594510300230e-15
-2.170767261336874920e+00,4.280886390564434601e-15
-2.165701966814620238e+00,6.646479162196101228e-15
-2.160636672292365557e+00,1.028181019137006886e-14
-2.155571377770110875e+00,1.584774617457770649e-14
-2.150506083247856637e+00,2.433802993692292970e-14
-2.145440788725601955e+00,3.724117072773351103e-14
-2.140375494203347273e+00,5.677814759875941632e-14
-2.135310199681092591e+00,8.625000004684167555e-14
-2.130244905158837909e+00,1.305440189807740403e-13
-2.125179610636583671e+00,1.968678709116974186e-13
-2.120114316114328989e+00,2.958098974845457985e-13
-2.115049021592074308e+00,4.428641735031676889e-13
-2.109983727069819626e+00,6.606149342867091428e-13
-2.104918432547565388e+00,9.818524271892044639e-13
-2.099853138025310706e+00,1.453998775535497830e-12
-2.094787843503056024e+00,2.145368284250232744e-12
-2.089722548980801342e+00,3.153985294958227625e-12
-2.084657254458546660e+00,4.619952025313331691e-12
-2.079591959936291978e+00,6.742722111025740165e-12
-2.074526665414037740e+00,9.805123127830336915e-12
-2.069461370891783059e+00,1.420662239828657177e-11
-2.064396076369528377e+00,2.050919523292234692e-11
-2.059330781847274139e+00,2.950029767555738371e-11
-2.054265487325019457e+00,4.227894828648198050e-11
-2.049200192802764775e+00,6.037288808348600202e-11
-2.044134898280510093e+00,8.589734271770885401e-11
-2.039069603758255411e+00,1.217692154555388089e-10
-2.034004309236000729e+00,1.719947896063741934e-10
-2.028939014713746491e+00,2.420544542093355859e-10
-2.023873720191491810e+00,3.394148773090140604e-10
-2.018808425669237128e+00,4.742077856090161890e-10
-2.013743131146982890e+00,6.601254824943270522e-10
-2.008677836624728208e+00,9.155969370373568266e-10
-2.003612542102473526e+00,1.265325274212953112e-09
-1.998547247580218844e+00,1.742288447271336828e-09
-1.993481953057964162e+00,2.390330523234687507e-09
-1.988416658535709702e+00,3.267502198276431071e-09
-1.983351364013455242e+00,4.450346803807503938e-09
-1.978286069491200561e+00,6.039373164600288065e-09
-1.973220774968945879e+00,8.166010282945029764e-09
-1.968155480446691419e+00,1.100140203303928390e-08
-1.963090185924436737e+00,1.476747393295574547e-08
-1.958024891402182277e+00,1.975078962933942638e-08
-1.952959596879927595e+00,2.631981286081694905e-08
-1.947894302357672913e+00,3.494630201713460736e-08
-1.942829007835418453e+00,4.623168931111878499e-08
-1.937763713313163993e+00,6.093943490223936513e-08
-1.932698418790909312e+00,8.003449732208139643e-08
-1.927633124268654630e+00,1.047312237494789863e-07
-1.922567829746399948e+00,1.365511346063184385e-07
-1.917502535224145488e+00,1.773922529810630920e-07
-1.912437240701891028e+00,2.296118055686324997e-07
-1.907371946179636346e+00,2.961242916224585018e-07
-1.902306651657381664e+00,3.805170715934275090e-07
-1.897241357135127204e+00,4.871857575405047180e-07
-1.892176062612872744e+00,6.214917809101069779e-07
-1.887110768090618063e+00,7.899445557413255624e-07
-1.882045473568363381e+00,1.000410630638777832e-06
-1.876980179046108699e+00,1.262352113039789174e-06
-1.871914884523854239e+00,1.587096434968429073e-06
-1.866849590001599779e+00,1.988139190167932475e-06
-1.861784295479345097e+00,2.481481287402619184e-06
-1.856719000957090415e+00,3.086001013441993168e-06
-1.851653706434835955e+00,3.823860762902135512e-06
-1.846588411912581273e+00,4.720947154571165047e-06
-1.841523117390326814e+00,5.807342003098007933e-06
-1.836457822868072132e+00,7.117820144730142479e-06
-1.831392528345817450e+00,8.692368427330716304e-06
-1.826327233823562990e+00,1.057671827856474430e-05
-1.821261939301308530e+00,1.282288218319293964e-05
-1.816196644779053848e+00,1.548968216461902290e-05
-1.811131350256799166e+00,1.864325602483569500e-05
-1.806066055734544706e+00,2.235752471317225770e-05
-1.801000761212290024e+00,2.671460184557675470e-05
-1.795935466690035565e+00,3.180512417558590193e-05
-1.790870172167780883e+00,3.772847983296225845e-05
-1.785804877645526201e+00,4.459290951603536425e-05
-1.780739583123271741e+00,5.251545467870262810e-05
-1.775674288601017281e+00,6.162172622839360919e-05
-1.770608994078762599e+00,7.204546748388843830e-05
-1.765543699556507917e+00,8.392788626390292159e-05
-1.760478405034253235e+00,9.741673310965539678e-05
-1.755413110511998775e+00,1.126651058895119682e-04
-1.750347815989744316e+00,1.298299654669843068e-04
-1.745282521467489634e+00,1.490703527761385770e-04
-1.740217226945234952e+00,1.705453045400649335e-04
-1.735151932422980492e+00,1.944114729384430391e-04
-1.730086637900726032e+00,2.208204636744046882e-04
-1.725021343378471350e+00,2.499159169446876273e-04
-1.719956048856216668e+00,2.818303665548903400e-04
-1.714890754333961986e+00,3.166819235572960957e-04
-1.709825459811707526e+00,3.545708419782974828e-04
-1.704760165289453067e+00,3.955760350515495215e-04
-1.699694870767198385e+00,4.397516204458957220e-04
-1.694629576244943703e+00,4.871235818107731209e-04
-1.689564281722689243e+00,5.376866410811468287e-04
-1.684498987200434561e+00,5.914014409218500004e-04
-1.679433692678180101e+00,6.481921390082095828e-04
-1.674368398155925419e+00,7.079445151478236603e-04
-1.669303103633670737e+00,7.705046882316732380e-04
-1.664237809111416277e+00,8.356785324418220407e-04
-1.659172514589161818e+00,9.032318709322196800e-04
-1.654107220066907136e+00,9.728915103661073737e-04
-1.649041925544652454e+00,1.044347161409614998e-03
-1.643976631022397994e+00,1.117254268870775070e-03
-1.638911336500143312e+00,1.191237751113191547e-03
-1.633846041977888852e+00,1.265896622289634831e-03
-1.628780747455634170e+00,1.340809443593086406e-03
-1.623715452933379488e+00,1.415540521986117812e-03
-1.618650158411125028e+00,1.489646747707867262e-03
-1.613584863888870569e+00,1.562684936289242699e-03
-1.608519569366615887e+00,1.634219517866446246e-03
-1.603454274844361205e+00,1.703830397280681370e-03
-1.598388980322106523e+00,1.771120793728455083e-03
-1.593323685799852063e+00,1.835724859410109650e-03
-1.588258391277597603e+00,1.897314873386739438e-03
-1.583193096755342921e+00,1.955607810177153929e-03
-1.578127802233088239e+00,2.010371092761747015e-03
-1.573062507710833779e+00,2.061427356615262284e-03
-1.567997213188579320e+00,2.108658074908517123e-03
-1.562931918666324638e+00,2.152005924576213137e-03
-1.557866624144069956e+00,2.191475807761613260e-03
-1.552801329621815496e+00,2.227134482195442401e-03
-1.547736035099560814e+00,2.259108796114435349e-03
-1.542670740577306354e+00,2.287582566972990936e-03
-1.537605446055051672e+00,2.312792186930423544e-03
-1.532540151532796990e+00,2.335021080324102896e-03
-1.527474857010542530e+00,2.354593177484592438e-03
-1.522409562488287849e+00,2.371865603793781811e-03
-1.517344267966033389e+00,2.387220811440430700e-03
-1.512278973443778707e+00,2.401058402685236036e-03
-1.507213678921524247e+00,2.413786906645666325e-03
-1.502148384399269565e+00,2.425815775971991526e-03
-1.497083089877014883e+00,2.437547864952482012e-03
-1.492017795354760423e+00,2.449372636541844415e-03
-1.486952500832505741e+00,2.461660322886835821e-03
-1.481887206310251281e+00,2.474757232803792908e-03
-1.476821911787996600e+00,2.488982361343977136e-03
-1.471756617265742140e+00,2.504625412351607194e-03
-1.466691322743487458e+00,2.521946296303614193e-03
-1.461626028221232776e+00,2.541176114430415689e-03
-1.456560733698978316e+00,2.562519587980452169e-03
-1.451495439176723634e+00,2.586158840382207693e-03
-1.446430144654469174e+00,2.612258391820224384e-03
-1.441364850132214492e+00,2.640971182122622309e-03
-1.436299555609960032e+00,2.672445400430777801e-03
-1.431234261087705351e+00,2.706831870232381636e-03
-1.426168966565450891e+00,2.744291717046253368e-03
-1.421103672043196209e+00,2.785004034088215969e-03
-1.416038377520941527e+00,2.829173259006925213e-03
-1.410973082998687067e+00,2.877035982280986160e-03
-1.405907788476432385e+00,2.928866924777444314e-03
-1.400842493954177925e+00,2.984983847611170135e-03
-1.395777199431923243e+00,3.045751190830094535e-03
-1.390711904909668784e+00,3.111582277334630844e-03
-1.385646610387414102e+00,3.182939963364715338e-03
-1.380581315865159642e+00,3.260335665251940396e-03
-1.375516021342904960e+00,3.344326742256147067e-03
-1.370450726820650278e+00,3.435512265492531980e-03
-1.365385432298395818e+00,3.534527251571640671e-03
-1.360320137776141136e+00,3.642035485100892679e-03
-1.355254843253886676e+00,3.758721095286528258e-03
-1.350189548731631994e+00,3.885279087398109746e-03
-1.345124254209377535e+00,4.022405058932255507e-03
-1.340058959687122853e+00,4.170784352325838940e-03
-1.334993665164868171e+00,4.331080910683623303e-03
-1.329928370642613711e+00,4.503926110135942143e-03
-1.324863076120359029e+00,4.689907842313090040e-03
-1.319797781598104569e+00,4.889560113426233076e-03
-1.314732487075849887e+00,5.103353413179682885e-03
-1.309667192553595427e+00,5.331686087952530219e-03
-1.304601898031340745e+00,5.574876929229812331e-03
-1.299536603509086063e+00,5.833159161040556845e-03
-1.294471308986831604e+00,6.106675980094347471e-03
-1.289406014464576922e+00,6.395477770296032795e-03
-1.284340719942322462e+00,6.699521080198185714e-03
-1.279275425420067780e+00,7.018669418482039769e-03
-1.274210130897813320e+00,7.352695889393001324e-03
-1.269144836375558638e+00,7.701287657749085469e-03
-1.264079541853304178e+00,8.064052202124461638e-03
-1.259014247331049496e+00,8.440525285425864305e-03
-1.253948952808794814e+00,8.830180544567044210e-03
-1.248883658286540355e+00,9.232440575480621234e-03
-1.243818363764285673e+00,9.646689366394950796e-03
-1.238753069242031213e+00,1.007228591122497074e-02
-1.233687774719776531e+00,1.050857881613319507e-02
-1.228622480197522071e+00,1.095492169585739889e-02
-1.223557185675267389e+00,1.141068914233421897e-02
-1.218491891153012929e+00,1.187529303653536532e-02
-1.213426596630758247e+00,1.234819896536467308e-02
-1.208361302108503565e+00,1.282894249903189163e-02
-1.203296007586249106e+00,1.331714508063305651e-02
-1.198230713063994424e+00,1.381252927883050430e-02
-1.193165418541739964e+00,1.431493315663538365e-02
-1.188100124019485282e+00,1.482432351443050550e-02
-1.183034829497230822e+00,1.534080777357519146e-02
-1.177969534974976140e+00,1.586464427822386128e-02
-1.172904240452721458e+00,1.639625080733121687e-02
-1.167838945930466998e+00,1.693621110614303843e-02
-1.162773651408212316e+00,1.748527926666545301e-02
-1.157708356885957857e+00,1.804438180952388712e-02
-1.152643062363703175e+00,1.861461734508602917e-02
-1.147577767841448715e+00,1.919725371953597340e-02
-1.142512473319194033e+00,1.979372258154389261e-02
-1.137447178796939351e+00,2.040561133706455046e-02
-1.132381884274684891e+00,2.103465249341574667e-02
-1.127316589752430209e+00,2.168271042893281722e-02
-1.122251295230175749e+00,2.235176566097356668e-02
-1.117186000707921067e+00,2.304389672266500197e-02
-1.112120706185666608e+00,2.376125979733032315e-02
-1.107055411663411926e+00,2.450606629878667939e-02
-1.101990117141157466e+00,2.528055862537526011e-02
-1.096924822618902784e+00,2.608698435535105470e-02
-1.091859528096648102e+00,2.692756919068158006e-02
-1.086794233574393642e+00,2.780448899486310035e-02
-1.081728939052138960e+00,2.871984130740508692e-02
-1.076663644529884500e+00,2.967561675236821475e-02
-1.071598350007629818e+00,3.067367078985334602e-02
-1.066533055485375359e+00,3.171569628655342143e-02
-1.061467760963120677e+00,3.280319740322577837e-02
-1.056402466440866217e+00,3.393746531192367438e-02
-1.051337171918611535e+00,3.511955626270815700e-02
-1.046271877396356853e+00,3.635027251697099671e-02
-1.041206582874102393e+00,3.763014665112673907e-02
-1.036141288351847711e+00,3.895942970905341696e-02
-1.031075993829593251e+00,4.033808364325180973e-02
-1.026010699307338569e+00,4.176577843247748778e-02
-1.020945404785084110e+00,4.324189419713792698e-02
-1.015880110262829428e+00,4.476552855302205064e-02
-1.010814815740574746e+00,4.633550934939575927e-02
-1.005749521218320286e+00,4.795041283015977901e-02
-1.000684226696065604e+00,4.960858713820287536e-02
-9.956189321738111442e-01,5.130818095548256297e-02
-9.905536376515564623e-01,5.304717693752859786e-02
-9.854883431293020024e-01,5.482342946433625686e-02
-9.804230486070473205e-01,5.663470609390244132e-02
-9.753577540847926386e-01,5.847873197425206698e-02
-9.702924595625381787e-01,6.035323634932689835e-02
-9.652271650402834968e-01,6.225600018834334670e-02
-9.601618705180290370e-01,6.418490388191910867e-02
-9.550965759957743551e-01,6.613797388598845195e-02
-9.500312814735198952e-01,6.811342716037617484e-02
-9.449659869512652133e-01,7.010971224641439348e-02
-9.399006924290107534e-01,7.212554585978939170e-02
-9.348353979067560715e-01,7.415994394256271438e-02
-9.297701033845013896e-01,7.621224622242483981e-02
-9.247048088622469297e-01,7.828213346686221930e-02
-9.196395143399922478e-01,8.036963679272630945e-02
-9.145742198177377880e-01,8.247513859402089142e-02
-9.095089252954831061e-01,8.459936487747135581e-02
-9.044436307732286462e-01,8.674336904025525818e-02
-8.993783362509739643e-01,8.890850737973692020e-02
-8.943130417287195044e-01,9.109640688284231791e-02
-8.892477472064648225e-01,9.330892609400276427e-02
-8.841824526842101406e-01,9.554811009629481100e-02
-8.791171581619556807e-01,9.781614085162003425e-02
-8.740518636397009988e-01,1.001152843240885326e-01
-8.689865691174465390e-01,1.024478359487755730e-01
-8.639212745951918571e-01,1.048160660994945925e-01
-8.588559800729373972e-01,1.072221672495909522e-01
-8.537906855506827153e-01,1.096682045062694899e-01
-8.487253910284280334e-01,1.121560711308458719e-01
-8.436600965061735735e-01,1.146874505359379848e-01
-8.385948019839188916e-01,1.172637860794074477e-01
-8.335295074616644317e-01,1.198862597592191270e-01
-8.284642129394097498e-01,1.225557806604833933e-01
-8.233989184171552900e-01,1.252729837243625743e-01
-8.183336238949006081e-01,1.280382391080400473e-01
-8.132683293726459262e-01,1.308516720958525226e-01
-8.082030348503914663e-01,1.337131932146571334e-01
-8.031377403281367844e-01,1.366225379117855798e-01
-7.980724458058823245e-01,1.395793148811896589e-01
-7.930071512836276426e-01,1.425830618810748074e-01
-7.879418567613731827e-01,1.456333076814434746e-01
-7.828765622391185008e-01,1.487296386178355578e-01
-7.778112677168640410e-01,1.518717681114571671e-01
-7.727459731946093591e-01,1.550596074472464780e-01
-7.676806786723546772e-01,1.582933360796303368e-01
-7.626153841501002173e-01,1.615734697584002011e-01
-7.575500896278455354e-01,1.649009248303246189e-01
-7.524847951055910755e-01,1.682770771706104118e-01
-7.474195005833363936e-01,1.717038143259840832e-01
-7.423542060610819338e-01,1.751835796013947733e-01
-7.372889115388272518e-01,1.787194069884353032e-01
-7.322236170165727920e-01,1.823149460090847940e-01
-7.271583224943181101e-01,1.859744757276035887e-01
-7.220930279720634282e-01,1.897029073614262817e-01
-7.170277334498089683e-01,1.935057750950951450e-01
-7.119624389275542864e-01,1.973892148671144986e-01
-7.068971444052998265e-01,2.013599310569688661e-01
-7.018318498830451446e-01,2.054251511484442294e-01
-6.967665553607906848e-01,2.095925685868468835e-01
-6.917012608385360029e-01,2.138702741836352450e-01
-6.866359663162813209e-01,2.182666765547184584e-01
-6.815706717940268611e-01,2.227904122107882134e-01
-6.765053772717721792e-01,2.274502460519481073e-01
-6.714400827495177193e-01,2.322549631565146988e-01
-6.663747882272630374e-01,2.372132528963162845e-01
-6.613094937050085775e-01,2.423335865582804116e-01
-6.562441991827538956e-01,2.476240898035026727e-01
-6.511789046604992137e-01,2.530924114480931353e-01
-6.461136101382447539e-01,2.587455902013359732e-01
-6.410483156159900719e-01,2.645899211414461383e-01
-6.359830210937356121e-01,2.706308238418472789e-01
-6.309177265714809302e-01,2.768727141752188037e-01
-6.258524320492264703e-01,2.833188819118199753e-01
-6.207871375269717884e-01,2.899713762864214450e-01
-6.157218430047173285e-01,2.968309017281643980e-01
-6.106565484824626466e-01,3.038967259246055375e-01
-6.055912539602079647e-01,3.111666023207896870e-01
-6.005259594379535049e-01,3.186367090336758023e-01
-5.954606649156988230e-01,3.263016059905000099e-01
-5.903953703934443631e-01,3.341542118775082115e-01
-5.853300758711896812e-01,3.421858022155456203e-01
-5.802647813489352213e-01,3.503860295657885704e-01
-5.751994868266805394e-01,3.587429665187688577e-01
-5.701341923044260795e-01,3.672431717404612828e-01
-5.650688977821713976e-01,3.758717789497399986e-01
-5.600036032599167157e-01,3.846126082916954680e-01
-5.549383087376620338e-01,3.934482991616704561e-01
-5.498730142154077960e-01,4.023604631356318406e-01
-5.448077196931531141e-01,4.113298552839562694e-01
-5.397424251708984322e-01,4.203365617968983226e-01
-5.346771306486437503e-01,4.293602015394011318e-01
-5.296118361263895125e-01,4.383801388870892102e-01
-5.245465416041348305e-01,4.473757049796267538e-01
-5.194812470818801486e-01,4.563264243655655306e-01
-5.144159525596254667e-01,4.652122439060268344e-01
-5.093506580373707848e-01,4.740137607531478836e-01
-5.042853635151165470e-01,4.827124462215097167e-01
-4.992200689928618651e-01,4.912908624237815047e-01
-4.941547744706071832e-01,4.997328686415214438e-01
-4.890894799483525013e-01,5.080238145434925467e-01
-4.840241854260978194e-01,5.161507175414348225e-01
-4.789588909038435816e-01,5.241024217817243924e-01
-4.738935963815888996e-01,5.318697365048180581e-01
-4.688283018593342177e-01,5.394455517582142923e-01
-4.637630073370795358e-01,5.468249297182830038e-01
-4.586977128148252980e-01,5.540051701580179788e-01
-4.536324182925706161e-01,5.609858488892869310e-01
-4.485671237703159342e-01,5.677688283071991027e-01
-4.435018292480612523e-01,5.743582394703321548e-01
-4.384365347258065704e-01,5.807604354632300847e-01
-4.333712402035523326e-01,5.869839161072516465e-01
-4.283059456812976507e-01,5.930392244129693013e-01
-4.232406511590429687e-01,5.989388155023634974e-01
-4.181753566367882868e-01,6.046968990721558468e-01
-4.131100621145340490e-01,6.103292568202411950e-01
-4.080447675922793671e-01,6.158530366136689693e-01
-4.029794730700246852e-01,6.212865255365149775e-01
-3.979141785477700033e-01,6.266489043149968685e-01
-3.928488840255153214e-01,6.319599859700455458e-01
-3.877835895032610836e-01,6.372399418871140808e-01
-3.827182949810064017e-01,6.425090188112158041e-01
-3.776530004587517197e-01,6.477872505625186239e-01
-3.725877059364970378e-01,6.530941685139569630e-01
-3.675224114142423559e-01,6.584485150669217024e-01
-3.624571168919881181e-01,6.638679644929532664e-01
-3.573918223697334362e-01,6.693688555688540598e-01
-3.523265278474787543e-01,6.749659404104040306e-01
-3.472612333252240724e-01,6.806721537985200854e-01
-3.421959388029698346e-01,6.864984070860978838e-01
-3.371306442807151527e-01,6.924534104710119431e-01
-3.320653497584604708e-01,6.985435270214511716e-01
-3.270000552362057888e-01,7.047726613473093149e-01
-3.219347607139511069e-01,7.111421852329325999e-01
-3.168694661916968691e-01,7.176509018925177896e-01
-3.118041716694421872e-01,7.242950497937699073e-01
-3.067388771471875053e-01,7.310683462345171080e-01
-3.016735826249328234e-01,7.379620700702498315e-01
-2.966082881026785856e-01,7.449651821989322631e-01
-2.915429935804239037e-01,7.520644816352828332e-01
-2.864776990581692218e-01,7.592447942724848131e-01
-2.814124045359145398e-01,7.664891907570404728e-01
-2.763471100136598579e-01,7.737792293131905419e-01
-2.712818154914056201e-01,7.810952188647533045e-01
-2.662165209691509382e-01,7.884164974305988283e-01
-2.611512264468962563e-01,7.957217205260873616e-01
-2.560859319246415744e-01,8.029891541945702871e-01
-2.510206374023873366e-01,8.101969673228974766e-01
-2.459553428801326547e-01,8.173235180606668315e-01
-2.408900483578779728e-01,8.243476294576678187e-01
-2.358247538356232909e-01,8.312488498462027309e-01
-2.307594593133686089e-01,8.380076940087201054e-01
-2.256941647911143711e-01,8.446058617672772550e-01
-2.206288702688596892e-01,8.510264312880764237e-01
-2.155635757466050073e-01,8.572540250873151857e-01
-2.104982812243503254e-01,8.632749474296785852e-01
-2.054329867020960876e-01,8.690772925034571106e-01
-2.003676921798414057e-01,8.746510234132406358e-01
-1.953023976575867238e-01,8.799880226315657250e-01
-1.902371031353320419e-01,8.850821150771988055e-01
-1.851718086130773600e-01,8.899290654254162769e-01
-1.801065140908231221e-01,8.945265515958763514e-01
-1.750412195685684402e-01,8.988741166006318783e-01
-1.699759250463137583e-01,9.029731010695543070e-01
-1.649106305240590764e-01,9.068265588062850435e-01
-1.598453360018043945e-01,9.104391576751501569e-01
-1.547800414795501567e-01,9.138170679899393356e-01
-1.497147469572954748e-01,9.169678403858264604e-01
-1.446494524350407929e-01,9.199002749236370180e-01
-1.395841579127861110e-01,9.226242829211845908e-01
-1.345188633905318731e-01,9.251507427485848867e-01
-1.294535688682771912e-01,9.274913505831855476e-01
-1.243882743460225093e-01,9.296584669116709776e-01
-1.193229798237678274e-01,9.316649594073797003e-01
-1.142576853015131455e-01,9.335240427111746175e-01
-1.091923907792589077e-01,9.352491156121294225e-01
-1.041270962570042258e-01,9.368535961634412157e-01
-9.906180173474954387e-02,9.383507553781672561e-01
-9.399650721249486196e-02,9.397535503237464116e-01
-8.893121269024062414e-02,9.410744576642030568e-01
-8.386591816798594223e-02,9.423253089715012409e-01
-7.880062364573126032e-02,9.435171294270415787e-01
-7.373532912347657842e-02,9.446599818420222672e-01
-6.867003460122189651e-02,9.457628182221846647e-01
-6.360474007896765869e-02,9.468333413678862165e-01
-5.853944555671297678e-02,9.478778792149525900e-01
-5.347415103445829487e-02,9.489012747671018433e-01
-4.840885651220361297e-02,9.499067945309372929e-01
-4.334356198994893106e-02,9.508960583265203548e-01
-3.827826746769469324e-02,9.518689932012127652e-01
-3.321297294544001133e-02,9.528238139165926546e-01
-2.814767842318532942e-02,9.537570321072590396e-01
-2.308238390093064751e-02,9.546634957302082558e-01
-1.801708937867640969e-02,9.555364598429205714e-01
-1.295179485642172779e-02,9.563676890801310337e-01
-7.886500334167045878e-03,9.571475914608350566e-01
-2.821205811912363970e-03,9.578653823682941049e-01
2.244088710342317938e-03,9.585092767305821715e-01
7.309383232596555757e-03,9.590667066121845163e-01
1.237467775485123767e-02,9.595245606350175649e-01
1.743997227710591957e-02,9.598694409068248001e-01
2.250526679936060148e-02,9.600879324717169760e-01
2.757056132161483930e-02,9.601668797367242103e-01
3.263585584386952121e-02,9.600936638912882515e-01
3.770115036612420312e-02,9.598564750426930026e-01
4.276644488837888503e-02,9.594445726545719477e-01
4.783173941063356693e-02,9.588485279083620583e-01
5.289703393288780475e-02,9.580604418147721235e-01
5.796232845514248666e-02,9.570741332845636995e-01
6.302762297739716857e-02,9.558852919206650700e-01
6.809291749965185048e-02,9.544915910067580667e-01
7.315821202190608830e-02,9.528927570266723102e-01
7.822350654416077020e-02,9.510905930338622305e-01
8.328880106641545211e-02,9.490889542778595533e-01
8.835409558867013402e-02,9.468936756571499913e-01
9.341939011092481593e-02,9.445124517752534477e-01
9.848468463317905375e-02,9.419546715967186401e-01
1.035499791554337357e-01,9.392312108988563057e-01
1.086152736776884176e-01,9.363541868594454920e-01
1.136805681999430995e-01,9.333366801779661159e-01
1.187458627221973373e-01,9.301924310661638939e-01
1.238111572444520192e-01,9.269355162351299304e-01
1.288764517667067011e-01,9.235800146246235798e-01
1.339417462889613830e-01,9.201396700459180122e-01
1.390070408112160649e-01,9.166275591254381405e-01
1.440723353334703027e-01,9.130557729328007133e-01
1.491376298557249847e-01,9.094351204490799256e-01
1.542029243779796666e-01,9.057748615806685555e-01
1.592682189002343485e-01,9.020824767594712856e-01
1.643335134224890304e-01,8.983634793052016621e-01
1.693988079447432682e-01,8.946212756812432776e-01
1.744641024669979501e-01,8.908570775772811645e-01
1.795293969892526320e-01,8.870698684309997750e-01
1.845946915115073139e-01,8.832564255928675445e-01
1.896599860337615517e-01,8.794113978806386012e-01
1.947252805560162336e-01,8.755274368046596090e-01
1.997905750782709156e-01,8.715953783132991406e-01
2.048558696005255975e-01,8.676044705512138133e-01
2.099211641227802794e-01,8.635426418823564099e-01
2.149864586450345172e-01,8.593968023418502300e-01
2.200517531672891991e-01,8.551531707797581650e-01
2.251170476895438810e-01,8.507976192736121934e-01
2.301823422117985629e-01,8.463160259376061312e-01
2.352476367340528007e-01,8.416946270596894486e-01
2.403129312563074826e-01,8.369203595605281265e-01
2.453782257785621645e-01,8.319811850900893369e-01
2.504435203008168465e-01,8.268663876488013820e-01
2.555088148230715284e-01,8.215668374242134364e-01
2.605741093453257662e-01,8.160752145453138429e-01
2.656394038675804481e-01,8.103861876437217227e-01
2.707046983898351300e-01,8.044965434356495804e-01
2.757699929120898119e-01,7.984052649584132411e-01
2.808352874343444938e-01,7.921135575644203675e-01
2.859005819565987316e-01,7.856248232465271597e-01
2.909658764788534135e-01,7.789445852939502757e-01
2.960311710011080955e-01,7.720803666119242514e-01
3.010964655233627774e-01,7.650415262387508797e-01
3.061617600456170152e-01,7.578390596237601917e-01
3.112270545678716971e-01,7.504853690581613224e-01
3.162923490901263790e-01,7.429940112546955522e-01
3.213576436123810609e-01,7.353794294369226936e-01
3.264229381346357428e-01,7.276566774185533326e-01
3.314882326568899806e-01,7.198411430317029902e-01
3.365535271791446625e-01,7.119482779115087201e-01
3.416188217013993444e-01,7.039933400844862188e-01
3.466841162236540264e-01,6.959911550666889601e-01
3.517494107459082642e-01,6.879559002893568254e-01
3.568147052681629461e-01,6.799009166727133513e-01
3.618799997904176280e-01,6.718385501044936703e-01
3.669452943126723099e-01,6.637800244915084136e-01
3.720105888349269918e-01,6.557353469818203440e-01
3.770758833571812296e-01,6.477132449420022198e-01
3.821411778794359115e-01,6.397211333539423173e-01
3.872064724016905934e-01,6.317651104991449662e-01
3.922717669239452754e-01,6.238499791491295410e-01
3.973370614461995132e-01,6.159792899948641764e-01
4.024023559684541951e-01,6.081554037344325536e-01
4.074676504907088770e-01,6.003795680972362492e-01
4.125329450129635589e-01,5.926520061075782886e-01
4.175982395352182408e-01,5.849720120662736944e-01
4.226635340574724786e-01,5.773380520360534840e-01
4.277288285797271605e-01,5.697478660289704289e-01
4.327941231019818424e-01,5.621985695837508068e-01
4.378594176242365243e-01,5.546867529564729615e-01
4.429247121464907622e-01,5.472085766981540367e-01
4.479900066687454441e-01,5.397598629273088200e-01
4.530553011910001260e-01,5.323361820963887769e-01
4.581205957132548079e-01,5.249329354742170439e-01
4.631858902355094898e-01,5.175454339027590889e-01
4.682511847577637276e-01,5.101689736219862104e-01
4.733164792800184095e-01,5.027989100834382441e-01
4.783817738022730914e-01,4.954307306898046437e-01
4.834470683245277733e-01,4.880601273087276648e-01
4.885123628467824553e-01,4.806830692241668146e-01
4.935776573690366931e-01,4.732958769226556783e-01
4.986429518912913750e-01,4.658952967835314207e-01
5.037082464135460569e-01,4.584785763731716313e-01
5.087735409358007388e-01,4.510435396567514243e-01
5.138388354580549766e-01,4.435886610606307734e-01
5.189041299803096585e-01,4.361131369672949232e-01
5.239694245025643404e-01,4.286169529238224585e-01
5.290347190248190223e-01,4.211009446124370226e-01
5.341000135470737042e-01,4.135668504825929515e-01
5.391653080693279421e-01,4.060173538886184819e-01
5.442306025915826240e-01,3.984561126210881543e-01
5.492958971138373059e-01,3.908877738649877975e-01
5.543611916360919878e-01,3.833179728597813640e-01
5.594264861583462256e-01,3.757533138678351148e-01
5.644917806806009075e-01,3.682013324665192600e-01
5.695570752028555894e-01,3.606704386505432680e-01
5.746223697251102713e-01,3.531698407472539381e-01
5.796876642473649532e-01,3.457094506892598451e-01
5.847529587696191911e-01,3.382997717358858236e-01
5.898182532918738730e-01,3.309517702672730710e-01
5.948835478141285549e-01,3.236767337732529004e-01
5.999488423363832368e-01,3.164861176054605818e-01
6.050141368586379187e-01,3.093913834400237040e-01
6.100794313808921565e-01,3.024038326965012291e-01
6.151447259031468384e-01,2.955344383667531938e-01
6.202100204254015203e-01,2.887936788185129777e-01
6.252753149476562022e-01,2.821913771494710121e-01
6.303406094699104401e-01,2.757365495790137233e-01
6.354059039921651220e-01,2.694372661798358215e-01
6.404711985144198039e-01,2.633005269771926393e-01
6.455364930366744858e-01,2.573321560886002168e-01
6.506017875589291677e-01,2.515367161530567830e-01
6.556670820811834055e-01,2.459174448194781648e-01
6.607323766034380874e-01,2.404762145436314114e-01
6.657976711256927693e-01,2.352135163968829268e-01
6.708629656479474512e-01,2.301284680340137667e-01
6.759282601702016890e-01,2.252188454168105591e-01
6.809935546924563710e-01,2.204811373597335145e-01
6.860588492147110529e-01,2.159106214674454127e-01
6.911241437369657348e-01,2.115014595835383593e-01
6.961894382592204167e-01,2.072468104759823126e-01
7.012547327814746545e-01,2.031389571560987817e-01
7.063200273037293364e-01,1.991694459707025466e-01
7.113853218259840183e-01,1.953292344256649937e-01
7.164506163482387002e-01,1.916088445953991748e-01
7.215159108704929380e-01,1.879985189465690487e-01
7.265812053927476200e-01,1.844883754532634368e-01
7.316464999150023019e-01,1.810685590007607981e-01
7.367117944372569838e-01,1.777293862599666763e-01
7.417770889595116657e-01,1.744614814571630590e-01
7.468423834817659035e-01,1.712559007554133872e-01
7.519076780040205854e-01,1.681042432953523680e-01
7.569729725262752673e-01,1.649987473042481556e-01
7.620382670485299492e-01,1.619323700629163310e-01
7.671035615707841870e-01,1.588988509102590430e-01
7.721688560930388689e-01,1.558927568550289577e-01
7.772341506152935509e-01,1.529095107448480984e-01
7.822994451375482328e-01,1.499454023050910134e-01
7.873647396598029147e-01,1.469975826977365507e-01
7.924300341820571525e-01,1.440640435564271571e-01
7.974953287043118344e-01,1.411435817237731427e-01
8.025606232265665163e-01,1.382357511466347777e-01
8.076259177488211982e-01,1.353408035721468117e-01
8.126912122710758801e-01,1.324596198302804284e-01
8.177565067933301179e-01,1.295936335874846579e-01
8.228218013155847999e-01,1.267447495111288236e-01
8.278870958378394818e-01,1.239152577976477404e-01
8.329523903600941637e-01,1.211077469907856502e-01
8.380176848823484015e-01,1.183250169529744544e-01
8.430829794046030834e-01,1.155699937560471513e-01
8.481482739268577653e-01,1.128456481307642673e-01
8.532135684491124472e-01,1.101549189619388108e-01
8.582788629713671291e-01,1.075006431412673519e-01
8.633441574936213669e-01,1.048854928973912554e-01
8.684094520158760488e-01,1.023119215163043882e-01
8.734747465381307308e-01,9.978211814909712651e-02
8.785400410603854127e-01,9.729797218219218835e-02
8.836053355826396505e-01,9.486104742171998228e-02
8.886706301048943324e-01,9.247256612240953300e-02
8.937359246271490143e-01,9.013340267624696256e-02
8.988012191494036962e-01,8.784408657090350681e-02
9.038665136716583781e-01,8.560481403630663955e-02
9.089318081939126159e-01,8.341546762313317709e-02
9.139971027161672978e-01,8.127564280279898912e-02
9.190623972384219798e-01,7.918468054766159003e-02
9.241276917606766617e-01,7.714170474528468657e-02
9.291929862829313436e-01,7.514566322391362518e-02
9.342582808051855814e-01,7.319537111941500085e-02
9.393235753274402633e-01,7.128955529786812351e-02
9.443888698496949452e-01,6.942689856306756557e-02
9.494541643719496271e-01,6.760608242401547341e-02
9.545194588942038649e-01,6.582582727281729995e-02
9.595847534164585468e-01,6.408492892628325777e-02
9.646500479387132287e-01,6.238229061222044097e-02
9.697153424609679107e-01,6.071694963041922993e-02
9.747806369832225926e-01,5.908809808461435581e-02
9.798459315054768304e-01,5.749509726064475079e-02
9.849112260277315123e-01,5.593748541265306656e-02
9.899765205499861942e-01,5.441497890829537221e-02
9.950418150722408761e-01,5.292746687028502400e-02
1.000107109594495114e+00,5.147499963007151624e-02
1.005172404116749796e+00,5.005777147518124942e-02
1.010237698639004478e+00,4.867609832033443357e-02
1.015302993161259160e+00,4.733039106005882540e-02
1.020368287683513842e+00,4.602112546405699028e-02
1.025433582205768079e+00,4.474880955368853303e-02
1.030498876728022761e+00,4.351394944715396285e-02
1.035564171250277443e+00,4.231701468170215308e-02
1.040629465772532125e+00,4.115840401369019741e-02
1.045694760294786363e+00,4.003841266272332999e-02
1.050760054817041045e+00,3.895720190623654100e-02
1.055825349339295727e+00,3.791477184829285252e-02
1.060890643861550409e+00,3.691093808415814997e-02
1.065955938383805091e+00,3.594531286389801572e-02
1.071021232906059328e+00,3.501729122766070179e-02
1.076086527428314010e+00,3.412604244646413876e-02
1.081151821950568692e+00,3.327050695922838253e-02
1.086217116472823374e+00,3.244939885343894187e-02
1.091282410995077612e+00,3.166121379694666893e-02
1.096347705517332294e+00,3.090424219545313475e-02
1.101413000039586976e+00,3.017658722729670701e-02
1.106478294561841658e+00,2.947618729687169481e-02
1.111543589084096340e+00,2.880084235258019085e-02
1.116608883606350577e+00,2.814824343628738457e-02
1.121674178128605259e+00,2.751600477001014608e-02
1.126739472650859941e+00,2.690169764268765182e-02
1.131804767173114623e+00,2.630288533555323258e-02
1.136870061695369305e+00,2.571715831861867696e-02
1.141935356217623543e+00,2.514216896243842009e-02
1.147000650739878225e+00,2.457566503764627153e-02
1.152065945262132907e+00,2.401552131844205545e-02
1.157131239784387589e+00,2.345976866367860056e-02
1.162196534306641826e+00,2.290662001869630052e-02
1.167261828828896508e+00,2.235449286063193389e-02
1.172327123351151190e+00,2.180202769755330144e-02
1.177392417873405872e+00,2.124810232531986962e-02
1.182457712395660554e+00,2.069184164339964854e-02
1.187523006917914792e+00,2.013262292983787963e-02
1.192588301440169474e+00,1.957007657406520384e-02
1.197653595962424156e+00,1.900408236221686614e-02
1.202718890484678838e+00,1.843476150115619730e-02
1.207784185006933075e+00,1.786246465263722355e-02
1.212849479529187757e+00,1.728775632631972259e-02
1.217914774051442439e+00,1.671139604816252594e-02
1.222980068573697121e+00,1.613431677775445383e-02
1.228045363095951803e+00,1.555760109331579336e-02
1.233110657618206041e+00,1.498245569556825099e-02
1.238175952140460723e+00,1.441018480085826982e-02
1.243241246662715405e+00,1.384216299953900005e-02
1.248306541184970087e+00,1.327980814768541830e-02
1.253371835707224768e+00,1.272455483907044237e-02
1.258437130229479006e+00,1.217782897061468923e-02
1.263502424751733688e+00,1.164102386920952588e-02
1.268567719273988370e+00,1.111547839217614901e-02
1.273633013796243052e+00,1.060245734921770253e-02
1.278698308318497290e+00,1.010313452235969342e-02
1.283763602840751972e+00,9.618578484071776610e-03
1.288828897363006654e+00,9.149741334700339790e-03
1.293894191885261336e+00,8.697450400785381244e-03
1.298959486407516017e+00,8.262402858091152241e-03
1.304024780929770255e+00,7.845163169498388031e-03
1.309090075452024937e+00,7.446163160423119667e-03
1.314155369974279619e+00,7.065704495079699367e-03
1.319220664496534301e+00,6.703963267363326206e-03
1.324285959018788539e+00,6.360996381734050457e-03
1.329351253541043221e+00,6.036749373193578579e-03
1.334416548063297903e+00,5.731065301796661043e-03
1.339481842585552585e+00,5.443694356215091068e-03
1.344547137107807266e+00,5.174303812312331004e-03
1.349612431630061504e+00,4.922488015680109158e-03
1.354677726152316186e+00,4.687778090416254428e-03
1.359743020674570868e+00,4.469651118501580776e-03
1.364808315196825550e+00,4.267538583071004213e-03
1.369873609719079788e+00,4.080833922560889518e-03
1.374938904241334470e+00,3.908899098889481206e-03
1.380004198763589152e+00,3.751070139188602930e-03
1.385069493285843834e+00,3.606661664889682529e-03
1.390134787808098515e+00,3.474970472052947915e-03
1.395200082330352753e+00,3.355278270812254732e-03
1.400265376852607435e+00,3.246853728086256715e-03
1.405330671374862117e+00,3.148953985034969299e-03
1.410395965897116799e+00,3.060825838280600408e-03
1.415461260419371037e+00,2.981706781258700294e-03
1.420526554941625719e+00,2.910826099256752161e-03
1.425591849463880401e+00,2.847406199201700516e-03
1.430657143986135083e+00,2.790664333945272035e-03
1.435722438508389764e+00,2.739814851893293893e-03
1.440787733030644002e+00,2.694072067851737730e-03
1.445853027552899128e+00,2.652653811660598583e-03
1.450918322075152922e+00,2.614785669439417641e-03
1.455983616597407604e+00,2.579705890013600858e-03
1.461048911119662286e+00,2.546670888238411219e-03
1.466114205641916968e+00,2.514961239283696609e-03
1.471179500164171650e+00,2.483888025099756543e-03
1.476244794686426332e+00,2.452799367612395250e-03
1.481310089208681013e+00,2.421086963751928334e-03
1.486375383730935695e+00,2.388192425925546487e-03
1.491440678253190377e+00,2.353613228354475145e-03
1.496505972775444171e+00,2.316908064812563638e-03
1.501571267297698853e+00,2.277701436365075615e-03
1.506636561819953535e+00,2.235687308035143057e-03
1.511701856342208217e+00,2.190631699954920155e-03
1.516767150864462899e+00,2.142374110291615525e-03
1.521832445386717581e+00,2.090827702703252321e-03
1.526897739908972262e+00,2.035978228795543195e-03
1.531963034431226944e+00,1.977881694498242245e-03
1.537028328953481626e+00,1.916660816959453364e-03
1.542093623475736308e+00,1.852500354059202509e-03
1.547158917997990102e+00,1.785641420700092305e-03
1.552224212520244784e+00,1.716374933562804430e-03
1.557289507042499466e+00,1.645034348162232847e-03
1.562354801564754148e+00,1.571987868198948014e-03
1.567420096087008829e+00,1.497630317027405858e-03
1.572485390609263511e+00,1.422374864473289298e-03
1.577550685131518193e+00,1.346644799397883749e-03
1.582615979653772875e+00,1.270865529726626208e-03
1.587681274176027557e+00,1.195456977732634344e-03
1.592746568698281351e+00,1.120826519957945737e-03
1.597811863220536033e+00,1.047362599152826994e-03
1.602877157742790715e+00,9.754291109830076027e-04
1.607942452265045397e+00,9.053606419958494045e-04
1.613007746787300078e+00,8.374586084438567302e-04
1.618073041309554760e+00,7.719883189820206295e-04
1.623138335831809442e+00,7.091769588502954422e-04
1.628203630354064124e+00,6.492124696795485402e-04
1.633268924876318806e+00,5.922432781442597957e-04
1.638334219398572600e+00,5.383788088096041992e-04
1.643399513920827282e+00,4.876907020149025230e-04
1.648464808443081964e+00,4.402146466804042913e-04
1.653530102965336646e+00,3.959527305556204265e-04
1.658595397487591327e+00,3.548762065509013914e-04
1.663660692009846009e+00,3.169285731978312257e-04
1.668725986532100691e+00,2.820288696628198166e-04
1.673791281054355373e+00,2.500750907112901439e-04
1.678856575576610055e+00,2.209476341551887128e-04
1.683921870098863849e+00,1.945127021527736245e-04
1.688987164621118531e+00,1.706255877968522754e-04
1.694052459143373213e+00,1.491337892666408371e-04
1.699117753665627895e+00,1.298799049962845171e-04
1.704183048187882576e+00,1.127042744379574095e-04
1.709248342710137258e+00,9.744733972642837579e-05
1.714313637232391940e+00,8.395171360003874305e-05
1.719378931754646622e+00,7.206394807475054675e-05
1.724444226276901304e+00,6.163600643929754497e-05
1.729509520799155098e+00,5.252644803517995194e-05
1.734574815321409780e+00,4.460134095493963090e-05
1.739640109843664462e+00,3.773492223456115355e-05
1.744705404365919144e+00,3.181002837162195517e-05
1.749770698888173825e+00,2.671832114538913498e-05
1.754835993410428507e+00,2.236033484997476353e-05
1.759901287932683189e+00,1.864537129751216756e-05
1.764966582454937871e+00,1.549126843684458892e-05
1.770031876977192553e+00,1.282406730092802045e-05
1.775097171499446347e+00,1.057760037840206246e-05
1.780162466021701029e+00,8.693022531007244804e-06
1.785227760543955711e+00,7.118303368459889375e-06
1.790293055066210393e+00,5.807697653256358923e-06
1.795358349588465074e+00,4.721207932710265268e-06
1.800423644110719756e+00,3.824051262103649694e-06
1.805488938632974438e+00,3.086139653700978776e-06
1.810554233155229120e+00,2.481581809199383153e-06
1.815619527677483802e+00,1.988211801815499402e-06
1.820684822199738484e+00,1.587148689988258675e-06
1.825750116721992278e+00,1.262389578058403631e-06
1.830815411244246960e+00,1.000437391534473120e-06
1.835880705766501642e+00,7.899635994994619176e-07
1.840946000288756323e+00,6.215052824268614030e-07
1.846011294811011005e+00,4.871952940826424078e-07
1.851076589333265687e+00,3.805237824562137221e-07
1.856141883855520369e+00,2.961289964686371805e-07
1.861207178377775051e+00,2.296150917590949868e-07
1.866272472900029733e+00,1.773945397424677919e-07
1.871337767422283527e+00,1.365527199754069099e-07
1.876403061944538209e+00,1.047323187691245937e-07
1.881468356466792891e+00,8.003525084420848474e-08
1.886533650989047572e+00,6.093995150088059448e-08
1.891598945511302254e+00,4.623204216445648935e-08
1.896664240033556936e+00,3.494654213224288797e-08
1.901729534555811618e+00,2.631997565151628802e-08
1.906794829078066300e+00,1.975089958689733045e-08
1.911860123600320982e+00,1.476754792866203166e-08
1.916925418122574776e+00,1.100145164363412678e-08
1.921990712644829458e+00,8.166043421177786485e-09
1.927056007167084140e+00,6.039395217808407566e-09
1.932121301689338821e+00,4.450361425654625737e-09
1.937186596211593503e+00,3.267511857033327521e-09
1.942251890733848185e+00,2.390336879898672026e-09
1.947317185256102867e+00,1.742292615262486488e-09
1.952382479778357549e+00,1.265327997003964639e-09
1.957447774300612231e+00,9.155987091539079339e-10
1.962513068822866025e+00,6.601266316031998513e-10
1.967578363345120707e+00,4.742085279807412061e-10
1.972643657867375389e+00,3.394153551390822933e-10
1.977708952389630070e+00,2.420547606297981690e-10
1.982774246911884752e+00,1.719949853802315282e-10
1.987839541434139434e+00,1.217693400746709803e-10
1.992904835956394116e+00,8.589742175066560406e-11
1.997970130478648798e+00,6.037293802085130744e-11
2.003035425000903480e+00,4.227897972320675634e-11
2.008100719523157274e+00,2.950031739268641533e-11
2.013166014045411956e+00,2.050920755389578340e-11
2.018231308567666638e+00,1.420663006910663789e-11
2.023296603089921319e+00,9.805127885938863238e-12
2.028361897612176001e+00,6.742725051537946315e-12
2.033427192134430683e+00,4.619953835853321410e-12
2.038492486656685365e+00,3.153986405641079271e-12
2.043557781178940047e+00,2.145368963092946714e-12
2.048623075701194729e+00,1.453999188911933490e-12
2.053688370223448523e+00,9.818526779849602335e-13
2.058753664745703205e+00,6.606150858843927296e-13
2.063818959267957887e+00,4.428642648016251875e-13
2.068884253790212568e+00,2.958099522659337073e-13
2.073949548312467250e+00,1.968679036609730506e-13
2.079014842834721932e+00,1.305440384868304596e-13
2.084080137356976614e+00,8.625001162226673775e-14
2.089145431879231296e+00,5.677815444266809466e-14
2.094210726401485978e+00,3.724117475928006422e-14
2.099276020923739772e+00,2.433803230305995473e-14
2.104341315445994454e+00,1.584774755817069314e-14
2.109406609968249136e+00,1.028181099744951679e-14
2.114471904490503817e+00,6.646479630091234865e-15
2.119537199012758499e+00,4.280886661159959850e-15
2.124602493535013181e+00,2.747234750427492605e-15
2.129667788057267863e+00,1.756619917076561308e-15
2.134733082579522545e+00,1.119128159184529475e-15
2.139798377101777227e+00,7.103981697390125685e-16
2.144863671624031021e+00,4.493076713666437574e-16
2.149928966146285703e+00,2.831429958516097661e-16
2.154994260668540385e+00,1.777820056526078740e-16
2.160059555190795066e+00,1.112217615299252355e-16
2.165124849713049748e+00,6.932848758833052865e-17
2.170190144235304430e+00,4.305798203313620047e-17
2.175255438757559112e+00,2.664499281196437357e-17
2.180320733279813794e+00,1.642848561049315104e-17
2.185386027802068476e+00,1.009251596401755418e-17
2.190451322324323158e+00,6.177622234274530563e-18
2.195516616846576952e+00,3.767586557646538671e-18
2.200581911368831634e+00,2.289418136921803466e-18
2.205647205891086315e+00,1.386139655473265549e-18
2.210712500413340997e+00,8.361974645993403240e-19
2.215777794935595679e+00,5.026095004566471482e-19
2.220843089457850361e+00,3.010041819620820970e-19
2.225908383980105043e+00,1.796115886974419713e-19
2.230973678502359725e+00,1.067864546502196478e-19
2.236038973024614407e+00,6.325836613696390913e-20
2.241104267546868201e+00,3.733702942247203946e-20
2.246169562069122883e+00,2.195743178861948906e-20
2.251234856591377564e+00,1.286599301774636326e-20
2.256300151113632246e+00,7.511472287244618387e-21
2.261365445635886928e+00,4.369450422628525069e-21
2.266430740158141610e+00,2.532494737712806133e-21
2.271496034680396292e+00,1.462481146084866979e-21
2.276561329202650974e+00,8.414958706379923251e-22
2.281626623724905656e+00,4.824293162659612598e-22
2.286691918247159450e+00,2.755721863833694341e-22
2.291757212769414132e+00,1.568400822929626615e-22
2.296822507291668813e+00,8.894032864190265563e-23
2.301887801813923495e+00,5.025281413063852556e-23
2.306953096336178177e+00,2.829059183849377555e-23
2.312018390858432859e+00,1.586878469402209578e-23
2.317083685380687541e+00,8.868808780983482901e-24
2.322148979902942223e+00,4.938634700134062626e-24
2.327214274425196905e+00,2.740113198757969465e-24
2.332279568947450699e+00,1.514781855969887740e-24
2.337344863469705381e+00,8.343565375045917671e-25
2.342410157991960062e+00,4.579027382285728320e-25
2.347475452514214744e+00,2.503887411952274326e-25
2.352540747036469426e+00,1.364194649269280413e-25
2.357606041558724108e+00,7.405559498516161700e-26
2.362671336080978790e+00,4.005524551794050698e-26
2.367736630603233472e+00,2.158643424835458283e-26
2.372801925125488154e+00,1.159104013149411519e-26
2.377867219647741948e+00,6.201316515829088930e-27
2.382932514169996630e+00,3.305714752948211827e-27
2.387997808692251311e+00,1.755766839439444524e-27
2.393063103214505993e+00,9.291552766422492133e-28
2.398128397736760675e+00,4.899251582099063080e-28
2.403193692259015357e+00,2.573897062704135321e-28
2.408258986781270039e+00,1.347325705661912330e-28
2.413324281303524721e+00,7.027065571106728421e-29
2.418389575825779403e+00,3.651702636821131423e-29
2.423454870348033197e+00,1.890761684513187152e-29
2.428520164870287879e+00,9.754346291345095307e-30
2.433585459392542560e+00,5.013944644301597676e-30
2.438650753914797242e+00,2.567916447921003897e-30
2.443716048437051924e+00,1.310395013961918666e-30
2.448781342959306606e+00,6.662597286732563595e-31
2.453846637481561288e+00,3.375241747380032539e-31
2.458911932003815970e+00,1.703672813991393438e-31
2.463977226526070652e+00,8.568158490094419068e-32
2.469042521048325334e+00,4.293473414475781335e-32
2.474107815570579127e+00,2.143631121691315496e-32
2.479173110092833809e+00,1.066378346601667811e-32
2.484238404615088491e+00,5.285579032491959141e-33
2.489303699137343173e+00,2.610320372257432423e-33
2.494368993659597855e+00,1.284443612846438509e-33
2.499434288181852537e+00,6.297327253090181475e-34
2.504499582704106775e+00,3.076220564083128624e-34
